{"f1":0.8535065054893494,"epoch_duration":0.5026679356892904,"precision":0.9164816737174988,"recall (sensitivity)":0.7986294031143188,"specificity":0.9616702198982239,"dice":0.8560743927955627,"_step":29,"iou":0.7444494366645813,"_runtime":607.517147108,"_timestamp":1.7487773919989552e+09,"boundary_iou":0.1279187649488449,"Val Comparison [Ground Truth| Pred]":{"count":1,"filenames":["media/images/Val Comparison [Ground Truth| Pred]_28_3f47dafb0595b9dc240b.png"],"captions":["Epoch 18"],"_type":"images/separated","width":774,"height":260,"format":"png"},"epoch":19,"auc":0.9170259833335876,"_wandb":{"runtime":607},"Val Loss":0.05154751732945442,"Train Loss":0.0018007108983066347}