{"recall (sensitivity)":0.9457957148551941,"Train Loss":0.017829974977713492,"_step":1,"precision":0.6512284874916077,"_wandb":{"runtime":32},"dice":0.7682517170906067,"_runtime":32.774867941,"Val Comparison [Ground Truth| Pred]":{"height":260,"format":"png","count":1,"filenames":["media/images/Val Comparison [Ground Truth| Pred]_1_831ef786732f430491b0.png"],"captions":["Epoch 0"],"_type":"images/separated","width":774},"_timestamp":1.7487766365923471e+09,"epoch":0,"Val Loss":0.12467267602682114,"f1":0.7713460326194763,"boundary_iou":0.08039484918117523,"specificity":0.7184805274009705,"epoch_duration":0.5222885409990946,"iou":0.6277976036071777,"auc":0.8853352665901184}